City_ID,City,Country,Max Temp,Description,Lat,Lng,Hotel Name
2,Quatre Cocos,MU,70.09,light rain,-20.2078,57.7625,Sunrise Attitude Hotel
3,Georgetown,MY,81.9,few clouds,5.4112,100.3354,Cititel Penang
4,Hasaki,JP,90.28,overcast clouds,35.7333,140.8333,Inubosaki Kanko Hotel
5,Ponta Do Sol,PT,73.0,clear sky,32.6667,-17.1,Hotel do Campo
7,Rikitea,PF,72.36,light rain,-23.1203,-134.9692,People ThankYou
10,Coahuayana,MX,83.35,overcast clouds,18.7333,-103.6833,El rranchito michuacan de ocampos
12,Jamestown,US,71.24,clear sky,42.097,-79.2353,Hampton Inn & Suites Jamestown
13,Gua Musang,MY,74.62,overcast clouds,4.8823,101.9644,Mines Inn Hotel
16,Douglas,US,84.27,clear sky,41.3,-96.167,Hilton Garden Inn Omaha West
17,Gimli,CA,80.28,broken clouds,50.6336,-96.9907,Lakeview Gimli Resort
18,Vila Velha,BR,71.55,broken clouds,-20.3297,-40.2925,Hotel Vitória Palace
27,Cabo San Lucas,MX,93.61,scattered clouds,22.8909,-109.9124,Hotel Tesoro Los Cabos
28,Torbay,CA,67.57,overcast clouds,47.6666,-52.7314,Gallows Cove
29,Vaini,TO,80.76,scattered clouds,-21.2,-175.2,Keleti Beach Resort
30,Kapaa,US,84.52,few clouds,22.0752,-159.319,Sheraton Kauai Coconut Beach Resort
34,Avarua,CK,78.85,broken clouds,-21.2078,-159.775,Paradise Inn
37,Cockburn Town,TC,82.11,clear sky,21.4612,-71.1419,Osprey Beach Hotel
40,Cape Canaveral,US,86.07,clear sky,28.4058,-80.6048,Residence Inn by Marriott Cape Canaveral Cocoa Beach
42,Mecca,SA,88.92,broken clouds,21.4267,39.8261,"Makkah Clock Royal Tower, A Fairmont Hotel"
45,Guerrero Negro,MX,77.36,scattered clouds,27.9769,-114.0611,"Casa Laguna, Bed & Breakfast"
46,Katobu,ID,75.47,overcast clouds,-4.9408,122.5276,La Ode Husein
52,Hithadhoo,MV,80.44,moderate rain,-0.6,73.0833,Scoop Guest House
53,Eureka,US,85.68,broken clouds,40.8021,-124.1637,Eureka Inn Trademark By Wyndham
55,Odweyne,SO,72.72,broken clouds,9.4092,45.06399999999999,Eng Hiirey House
57,Bengkulu,ID,76.14,overcast clouds,-3.8004,102.2655,Grage Hotel Bengkulu
60,Kahului,US,91.42,scattered clouds,20.8947,-156.47,Maui Seaside Hotel
61,Kochubey,RU,73.8,clear sky,44.3861,46.5825,Europa
64,Nemuro,JP,69.96,broken clouds,43.3236,145.575,Hotel Nemuro Kaiyoutei
66,Vao,NC,67.75,overcast clouds,-22.6667,167.4833,Hotel Kou-Bugny
67,Hastings,GB,66.79,broken clouds,50.8552,0.5729,Zanzibar Hotel
68,Mantua,IT,76.24,clear sky,45.1667,10.7833,Hotel la Favorita
69,Grand-Bourg,GP,80.55,few clouds,15.8835,-61.3148,Coco Beach Resort
70,Hambantota,LK,77.34,few clouds,6.1241,81.1185,Bungalow 63
71,Swan River,CA,66.09,overcast clouds,52.1058,-101.2676,Super 8 by Wyndham Swan River MB
72,Alamogordo,US,82.96,clear sky,32.8995,-105.9603,Fairfield Inn & Suites by Marriott Alamogordo
74,Port Hardy,CA,77.18,few clouds,50.6996,-127.4199,Airport Inn-Port Hardy
75,Hilo,US,88.29,broken clouds,19.7297,-155.09,Hilo Hawaiian Hotel
77,Churapcha,RU,76.05,overcast clouds,62.0025,132.4325,"""Tusku"""
79,Prince Rupert,CA,69.89,overcast clouds,54.3161,-130.3201,Crest Hotel
82,Noumea,NC,71.58,overcast clouds,-22.2763,166.4572,Hôtel Le Lagon
83,Solnechnyy,RU,70.9,broken clouds,50.7214,136.6319,Hotel complex Pastoral
84,Sao Filipe,CV,77.77,overcast clouds,14.8961,-24.4956,Hotel Xaguate
86,Puerto Ayora,EC,71.55,broken clouds,-0.7393,-90.3518,Finch Bay Galapagos Hotel
87,Butaritari,KI,81.18,overcast clouds,3.0707,172.7902,Isles Sunset Lodge
90,Muros,ES,70.09,clear sky,42.7762,-9.0603,Apartment Av. Castelao
94,Pacific Grove,US,75.22,few clouds,36.6177,-121.9166,Lovers Point Inn
95,Bagnolo Mella,IT,75.42,clear sky,45.4291,10.1844,Le Rondini
97,Mogadishu,SO,75.42,overcast clouds,2.0371,45.3438,Hotel Juba
100,Sidi Ali,DZ,83.86,broken clouds,36.0998,0.4206,Complexe touristique haje bezine
102,Amahai,ID,79.11,overcast clouds,-3.3333,128.9167,HOTEL ISABELA
104,Ponta Delgada,PT,70.52,few clouds,37.7333,-25.6667,Vila Nova Hotel
105,Port Blair,IN,78.84,drizzle,11.6667,92.75,"Welcomhotel By ITC Hotels, Bay Island, Port Blair"
107,Emirdag,TR,68.38,clear sky,39.0197,31.15,Emirdağ Öğretmenevi
108,Champasak,LA,74.86,overcast clouds,14.75,106.0,Kiat Ngong Wetland BUNGALOW
109,Mahebourg,MU,70.25,broken clouds,-20.4081,57.7,Shandrani Beachcomber Resort & Spa
110,San Cristobal,VE,75.38,scattered clouds,7.7669,-72.225,Pirineos
111,Fortuna,US,72.93,few clouds,40.5982,-124.1573,Super 8 by Wyndham Fortuna
113,Wloszczowa,PL,66.4,heavy intensity rain,50.8526,19.9659,Hotel Mariage
115,Jiuquan,CN,79.34,overcast clouds,39.7432,98.5174,Jiuquan Hotel
116,Pijijiapan,MX,82.02,overcast clouds,15.7011,-93.23,Hotel Rosita
117,Puerto Escondido,MX,85.03,broken clouds,15.85,-97.0667,Aldea del Bazar Hotel and Spa
119,Zhuhai,CN,88.86,mist,22.2769,113.5678,珠海粤财假日酒店
120,Buraydah,SA,90.05,overcast clouds,26.326,43.975,Mövenpick Qassim
123,Kloulklubed,PW,82.9,overcast clouds,7.0419,134.2556,Storyboard Beach Resort
124,Arraial Do Cabo,BR,67.35,clear sky,-22.9661,-42.0278,Pousada Porto Praia
125,Dingle,PH,80.11,overcast clouds,10.9995,122.6711,SEGAYA PROPERTY
128,Tura,IN,73.85,overcast clouds,25.5198,90.2201,Hotel RIKMAN Continental
129,Fort Saint James,CA,86.14,scattered clouds,54.4333,-124.25,The View Hotel
130,Chapais,CA,65.98,broken clouds,49.7834,-74.8492,Hôtel Opémiska
131,Bitung,ID,85.05,overcast clouds,1.4451,125.1824,K2 Lembeh
133,Dakoro,NE,77.18,overcast clouds,14.5106,6.765,Shagon mai liverpool
135,Namatanai,PG,84.36,overcast clouds,-3.6667,152.4333,Seagulls Inn Namatani
136,Thompson,CA,68.16,broken clouds,55.7435,-97.8558,Burntwood Hotel
137,Sao Joao Da Barra,BR,65.62,scattered clouds,-21.6403,-41.0511,Pousada Porto De Canoas
139,Jerez,GT,71.94,light rain,14.1,-89.75,Auto hotel Esmeralda
143,Tahoua,NE,80.6,overcast clouds,14.8888,5.2692,Bungalows Guesthouse
144,Atuona,PF,76.86,clear sky,-9.8,-139.0333,Villa Enata
146,Alyangula,AU,75.09,clear sky,-13.8483,136.4192,Groote Eylandt Lodge
147,Eskil,TR,70.99,clear sky,38.4017,33.4131,Eskil Öğretmen Evi
149,Chabahar,IR,81.73,overcast clouds,25.2919,60.643,هتل گدروشیا
150,Nichinan,JP,80.28,broken clouds,31.6,131.3667,Guest House Aki
154,Lashio,MM,68.63,overcast clouds,22.9333,97.75,Hotel CF Lashio - Burmese Only
155,Wilmington,US,82.99,clear sky,34.2257,-77.9447,"Hotel Ballast Wilmington, Tapestry Collection by Hilton"
156,Lorengau,PG,83.71,overcast clouds,-2.0226,147.2712,Lorengau Harbourside Hotel
157,Sile,TR,74.57,clear sky,41.1754,29.6133,Phellos Suites
160,Bowen,AU,69.71,overcast clouds,-20.0167,148.2333,Castle Motor Lodge Motel
161,Nisia Floresta,BR,79.18,overcast clouds,-6.0911,-35.2086,Rancho Crepusculo
163,Larkana,PK,87.49,light rain,27.5551,68.2141,Advocate Riaz Hussain Chandio
164,Jabinyanah,TN,84.0,clear sky,35.035,10.9081,maison belmabrouk
165,Abeche,TD,80.82,light rain,13.8292,20.8324,Assaleh Hamdan Haroune
166,Wangqing,CN,74.05,overcast clouds,43.3218,129.7634,Jianan Fashion Hotel
167,Macenta,GN,68.4,overcast clouds,8.5435,-9.471,Hôtel Yansané
169,Juazeiro,BR,84.38,clear sky,-9.4117,-40.4986,JB Hotel
170,Meulaboh,ID,76.57,overcast clouds,4.1363,96.1285,Kost Pria
171,Oranjestad,AW,80.74,broken clouds,12.524000000000001,-70.027,Divi Village Golf & Beach Resort
174,Goderich,CA,76.91,clear sky,43.7501,-81.7165,Harmony Inn
175,Margate,GB,66.87,overcast clouds,51.3813,1.3862,Premier Inn Margate hotel
179,Aktau,KZ,73.98,scattered clouds,43.65,51.2,Silk Way Hotel
180,Asau,RO,65.32,broken clouds,46.4333,26.4,Casa Mika Ciobanus
183,Bethel,US,80.96,clear sky,41.3712,-73.414,Courtyard by Marriott Danbury
185,Boyolangu,ID,73.98,overcast clouds,-8.1181,111.8935,Yos ega cv
186,Makakilo City,US,88.12,broken clouds,21.3469,-158.0858,Marriott's Ko Olina Beach Club
188,Bambous Virieux,MU,70.21,light rain,-20.3428,57.7575,Casa Tia Villa
189,Englewood,US,92.43,few clouds,39.6478,-104.9878,InTown Suites Extended Stay Denver CO - Englewood
190,Westport,US,82.44,clear sky,41.1415,-73.3579,The Westport Inn
191,Faanui,PF,79.0,light rain,-16.4833,-151.75,Bora-Bora Pearl Beach Resort & Spa
192,Praia,CV,78.39,overcast clouds,14.9215,-23.5087,LT Aparthotel
195,Ribeira Grande,PT,74.17,few clouds,38.5167,-28.7,Quinta da Meia Eira
197,Waingapu,ID,78.98,scattered clouds,-9.6567,120.2641,Pondok Wisata Elim
198,Korla,CN,76.19,few clouds,41.7597,86.1469,Gulisitan Hotel
199,Aleppo,SY,74.95,clear sky,36.25,37.5,أمل دوريش
201,North Bend,US,72.91,overcast clouds,43.4065,-124.2243,Red Lion Hotel Coos Bay
202,Kavieng,PG,84.54,overcast clouds,-2.5744,150.7967,Nusa Island Retreat
203,Longhua,CN,81.39,scattered clouds,23.6137,114.1919,Huadu Hotel
204,Baraki Barak,AF,72.07,clear sky,33.9675,68.9486,برکی برک
208,Kieta,PG,83.79,light rain,-6.2167,155.6333,Uruna Bay Retreat
209,Manzanillo,CU,83.32,scattered clouds,20.3433,-77.1167,"HOSTAL ""THE YELLOW HOUSE"""
211,Kamaishi,JP,82.04,clear sky,39.2667,141.8833,Hotel Route Inn Kamaishi
212,Kongoussi,BF,81.14,few clouds,13.3258,-1.5347,Hôtel La Sagesse
214,Saint-Pierre,RE,71.19,broken clouds,-21.3393,55.4781,Alize Plage
217,Mabaruma,GY,74.23,scattered clouds,8.2,-59.7833,Monty Brooms Guest House
219,Sao Miguel Do Araguaia,BR,74.44,clear sky,-13.275,-50.1628,Hotel Executivo Palace
220,Yichun,CN,77.0,few clouds,47.7,128.9,锦江酒店
223,Katsuura,JP,84.97,broken clouds,35.1333,140.3,Katsuura Hotel Mikazuki
224,Aswan,EG,87.94,clear sky,24.0934,32.907,Nuba Nile
225,Aquiraz,BR,79.18,scattered clouds,-3.9014,-38.3911,Pousada Rua Camurupim
226,Prainha,BR,74.75,broken clouds,-1.8,-53.48,Casa Rocha
227,Khandyga,RU,67.8,light rain,62.6667,135.6,Apel'sin
228,Faro,PT,79.97,clear sky,37.0194,-7.9322,Hotel Faro & Beach Club
229,Victoria,HK,86.38,light rain,22.2855,114.1577,Mini Central
231,Itarema,BR,78.08,broken clouds,-2.9248,-39.9167,"Sea Lounge! Bar, Club & Restaurant"
233,Najran,SA,77.65,light rain,17.4924,44.1277,محمد هادي ال فطيح
236,Sept-Iles,CA,70.32,broken clouds,50.2001,-66.3821,Comfort Inn
237,Jalalpur Pirwala,PK,87.71,overcast clouds,29.5069,71.2192,Bhatti Easy Paisa Shop
238,Touros,BR,75.6,overcast clouds,-5.1989,-35.4608,INN NEW HORIZON
239,Vila Franca Do Campo,PT,70.21,few clouds,37.7167,-25.4333,Pestana Bahia Praia
240,Glenwood Springs,US,79.34,scattered clouds,39.5505,-107.3248,Glenwood Springs Cedar Lodge
241,Borzya,RU,66.97,overcast clouds,50.3833,116.5167,Tikhiy
246,Guangyuan,CN,80.19,few clouds,32.442,105.823,Guangyuan Poetry Hotel
247,Shaowu,CN,80.91,scattered clouds,27.3409,117.4831,Yijie Express Hotel
248,Vanimo,PG,83.23,scattered clouds,-2.6741,141.3028,Vahmoneh Lodge Vanimo
250,Zuwarah,LY,81.37,clear sky,32.9312,12.082,مطعم كابيتانو
252,Galle,LK,77.94,broken clouds,6.0367,80.217,Amangalla
254,Tual,ID,79.32,overcast clouds,-5.6667,132.75,Grand Vilia Hotel
256,Palmer,US,76.6,few clouds,42.1584,-72.3287,Wedgewood Motel
257,Erenhot,CN,75.85,few clouds,43.6475,111.9767,Erenhot Rurouni Youth Hostel
261,Sao Felix Do Xingu,BR,80.17,scattered clouds,-6.6447,-51.995,Rio Xingu Camping
262,Thunder Bay,CA,78.71,few clouds,48.4001,-89.3168,Victoria Inn Hotel and Convention Centre
263,Axim,GH,74.32,broken clouds,4.8699,-2.2405,Axim Beach Resort And Spa
265,Garden City,US,81.99,scattered clouds,42.3256,-83.331,Big Trees Mobile Home Community
266,Lata,PT,69.91,clear sky,40.1629,-8.3327,Casa Maquia
267,Antigonish,CA,67.82,broken clouds,45.6169,-61.9986,Claymore Inn and Suites
268,Don Benito,ES,82.2,clear sky,38.9563,-5.8616,Hotel Veracruz
269,Souillac,MU,68.38,light rain,-20.5167,57.5167,Shanti Maurice Resort & Spa
270,Sabha,LY,84.99,few clouds,27.0377,14.4283,محطة ام الارانب -سبها مواصلات
271,Porto Walter,BR,79.11,broken clouds,-8.2686,-72.7439,Hotel Silva
272,Jind,IN,80.4,overcast clouds,29.3167,76.3167,Hotel Deep Palace
273,Sola,VU,83.07,overcast clouds,-13.8833,167.55,Leumerus Bungalows
274,Alofi,NU,80.49,clear sky,-19.0595,-169.9187,Taloa Heights
276,Autazes,BR,73.24,overcast clouds,-3.5797,-59.1306,Hotel Tupinambá
279,Lichuan,CN,70.02,clear sky,30.3,108.85,Yuanlai Homestay
280,Atambua,ID,75.85,broken clouds,-9.1061,124.8925,Kost Alfa Flat
282,Waseca,US,80.85,clear sky,44.0777,-93.5074,American Motel
285,Krumovgrad,BG,75.04,clear sky,41.4667,25.65,Hotel Divna
286,Kalangala,UG,67.35,light rain,-0.3089,32.225,Ssese Habitat Resort
287,Matara,LK,76.41,overcast clouds,5.9485,80.5353,Amaloh Boutique Resort
288,Canaries,ES,67.96,broken clouds,28.0,-15.5,Villa del Monte
289,Sioux Lookout,CA,80.67,broken clouds,50.1001,-91.917,Knobby's Fly-In Camps
290,Methala,IN,75.2,overcast clouds,10.2166,76.2166,Style Homes Holiday Inn
292,Padang,ID,73.45,broken clouds,-0.9492,100.3543,Mercure Padang
293,Baracoa,CU,81.05,scattered clouds,20.3467,-74.4958,Hostal Rio Miel
297,Iracoubo,GF,77.61,scattered clouds,5.4802,-53.2011,Le Gîte d’Iracoubo
300,Lethem,GY,72.75,overcast clouds,3.3803,-59.7968,Savannah Inn
301,Bima,ID,77.94,scattered clouds,-8.4667,118.7167,Lambitu Hotel
302,Nanning,CN,82.85,broken clouds,22.8167,108.3167,Nanning Travelling With Hostel
303,Cairns,AU,79.07,broken clouds,-16.9167,145.7667,Mantra Trilogy Cairns
304,Gandu,BR,67.32,clear sky,-13.7439,-39.4867,Pousada Duarte
305,Bonneville,FR,67.84,clear sky,46.0802,6.4073,Hotel Bellevue
306,Bandar-E Lengeh,IR,87.91,overcast clouds,26.5579,54.8807,کافی نت پارس
307,Innisfail,AU,70.77,overcast clouds,-17.5333,146.0333,Moondarra Motel
308,Nyurba,RU,69.26,broken clouds,63.2842,118.3319,"Гостиница ""Comfort"""
310,Salalah,OM,75.29,broken clouds,17.0151,54.0924,"HAMDAN PLAZA HOTEL SALALAH, an HTG Hotel"
315,Numan,NG,72.75,overcast clouds,9.4667,12.0333,Zangun Motel
318,Vaitape,PF,78.93,light rain,-16.5167,-151.75,Conrad Bora Bora Nui
319,Waw,SS,68.61,overcast clouds,7.7029,27.9953,Universal Gab Hotel
320,Caiaponia,BR,71.98,scattered clouds,-16.9567,-51.8103,HOTEL PALACE AVENIDA & CAIAPÓ TURISMO
323,Caravelas,BR,72.7,clear sky,-17.7125,-39.2481,Pousada dos Navegantes
324,Eyl,SO,75.36,overcast clouds,7.9803,49.8164,Amiin Hotel
325,Jalingo,NG,71.38,overcast clouds,8.8833,11.3667,Debright Motel
326,Mao,ES,73.96,clear sky,39.8885,4.2658,ARTIEM Capri
329,Norman Wells,CA,68.04,scattered clouds,65.282,-126.8329,Heritage Hotel
330,Redcliffe,AU,65.26,broken clouds,-27.2307,153.0973,Scarborough Beach Resort
331,Victoria Point,AU,66.81,overcast clouds,-27.5833,153.3,Bay Retreat Motel
332,Raha,IN,77.59,overcast clouds,26.2333,92.5167,"Greedy, Brainless Rent House ( অহংকাৰী, প‌ইচাখকুৱা ভাড়াঘৰ)"
333,Manggar,ID,80.33,overcast clouds,-2.8833,108.2667,Guest Hotel
337,Tautira,PF,77.58,light rain,-17.7333,-149.15,Pension Oaoa
338,Jalu,LY,81.57,clear sky,29.0331,21.5482,صاحبة الفخامة
340,Zhigansk,RU,69.49,light rain,66.7697,123.3711,Gostinichnyy Kompleks Aylgy
341,Whitecourt,CA,76.24,few clouds,54.1502,-115.6855,Super 8 by Wyndham Whitecourt
342,Cascina,IT,75.99,clear sky,43.6791,10.4994,Euro Hotel
343,Shingu,JP,85.75,overcast clouds,33.7333,135.9833,Shingu UI Hotel
345,Pringsewu,ID,74.03,overcast clouds,-5.3582,104.9744,Urban Style by Front One
349,Songjianghe,CN,68.99,light rain,42.1859,127.479,Sijisheng Fashion Guest House
351,Komsomolskiy,UZ,79.52,overcast clouds,40.4272,71.7189,Ikathouse
353,Kijang,KR,83.93,overcast clouds,35.2442,129.2139,Samyang Beach Villa
354,Datia,IN,82.58,overcast clouds,25.6667,78.4667,Motel Hotel Resort
355,Lagoa,PT,72.86,clear sky,39.05,-27.9833,Casa Das Faias
357,Matay,EG,81.01,clear sky,28.419,30.7792,Nag Aespen
361,Castilho,BR,67.6,clear sky,-20.8722,-51.4875,D S Oliveira Hotel
365,Cayenne,GF,79.09,scattered clouds,4.9333,-52.3333,Hôtel Le Dronmi
366,Solano,US,91.53,clear sky,38.2333,-121.9511,Westwind Inn
367,Simao,CN,65.7,overcast clouds,22.7886,100.9748,Changyu Hotel
369,Tutrakan,BG,70.63,broken clouds,44.05,26.6167,Family Hotel Palermo
371,Gazanjyk,TM,80.91,clear sky,39.2446,55.5154,Railway motel
373,Pasni,PK,81.05,overcast clouds,25.2631,63.471000000000004,Kashmiri Hotal
374,Manzhouli,CN,66.96,light rain,49.6,117.4333,Angala International Youth Hostel
375,Hamilton,US,79.03,clear sky,39.1834,-84.5333,Six Acres Bed & Breakfast
376,Kununurra,AU,71.58,few clouds,-15.7667,128.7333,Hotel Kununurra
377,Wana,PK,73.99,broken clouds,32.2989,69.5725,Rest House at Wana Camp
378,College,US,77.0,overcast clouds,64.8569,-147.8028,Pike's Waterfront Lodge
379,Suntar,RU,71.26,scattered clouds,62.1444,117.6319,Гостевая квартира
380,Saint-Philippe,RE,71.11,broken clouds,-21.3585,55.7679,Le four à pain
382,Santander,ES,68.47,clear sky,43.4647,-3.8044,Abba Santander Hotel
383,Burns Lake,CA,85.42,few clouds,54.2331,-125.7533,Burns Lake Bed and Breakfast
384,Lexington-Fayette,US,76.95,clear sky,38.0498,-84.4585,Hilton Lexington/Downtown
385,Yatou,CN,76.03,heavy intensity rain,37.15,122.3833,GreenTree Hotel Rongcheng Bus Station
387,Acapulco,MX,84.02,broken clouds,16.8634,-99.8901,HS Hotsson Smart Acapulco
388,Port Moresby,PG,85.42,haze,-9.4431,147.1797,Lamana Hotel (Port Moresby)
392,Conceicao Do Araguaia,BR,77.63,clear sky,-8.2578,-49.2647,Tarumã Tropical Hotel
395,Am Timan,TD,72.32,light rain,11.0297,20.2827,Palais du chef Canton Salamt
397,Antequera,ES,75.94,clear sky,37.0194,-4.5612,Convento de la Magdalena
398,Rudsar,IR,76.98,scattered clouds,37.1376,50.288000000000004,Hotel Bahar
401,Carlyle,US,78.22,overcast clouds,38.6103,-89.3726,Mariner's Village at Carlyle Lake
404,Lakki Marwat,PK,88.86,overcast clouds,32.6079,70.9114,Noor Hotel
407,Pedro Ii,BR,69.62,heavy intensity rain,-4.4247,-41.4586,Opala Hotel
409,Wiarton,CA,70.25,scattered clouds,44.7407,-81.1332,Waterview On The Bay
414,Dandong,CN,76.66,broken clouds,40.1292,124.3947,Yiranju Farmstay
416,Fort Nelson,CA,69.39,broken clouds,58.8053,-122.7002,The Fort Nelson Hotel
420,Slave Lake,CA,71.58,overcast clouds,55.2834,-114.76899999999999,Super 8 by Wyndham Slave Lake AB
421,Champerico,GT,79.34,broken clouds,14.3,-91.9167,"Hotel y restaurante ""El Diamante"""
422,Silifke,TR,79.93,clear sky,36.3778,33.9344,Ayatekla Hotel
424,Urumqi,CN,74.35,clear sky,43.801,87.6005,Hua Ling Grand Hotel Urumqi
426,Saint-Georges,GD,80.28,few clouds,12.0564,-61.7485,Radisson Grenada Beach Resort
430,Matagami,CA,68.11,overcast clouds,49.7502,-77.6328,Motel Le Caribou
433,Castelo Do Piaui,BR,75.0,overcast clouds,-5.3222,-41.5525,Nobre Hotel
434,Kushima,JP,81.86,overcast clouds,31.4583,131.2333,Hanaoka
436,Ternate,ID,81.12,overcast clouds,0.8,127.4,Sahid Bela Ternate Hotel
437,Hami,CN,85.93,overcast clouds,42.8,93.45,Laoyutang Resort
440,Tamale,GH,72.73,moderate rain,9.4008,-0.8393,Tap Hotel
442,Broome,US,73.36,clear sky,42.2506,-75.833,Chenango Valley State Park
443,Tommot,RU,75.27,broken clouds,58.9564,126.2925,Gostinitsa Tommot
446,Kryve Ozero,UA,65.88,scattered clouds,47.9524,30.3493,Hotel Oktan
449,Gameleira,BR,72.12,overcast clouds,-8.5844,-35.3867,Pousada Vinte Ver
451,Kampot,KH,84.25,overcast clouds,10.6167,104.1833,Two Moons Hotel
452,Plainview,US,83.88,scattered clouds,40.7765,-73.4673,Four Points by Sheraton Melville Long Island
453,Riyadh,SA,91.54,overcast clouds,24.6877,46.7219,"InterContinental Riyadh, an IHG Hotel"
455,Livadia,GR,73.8,clear sky,38.435,22.8739,Levadia Hotel
458,San Quintin,MX,73.78,few clouds,30.4833,-115.95,Don Eddie's / Hotel - Restaurant
459,Bubaque,GW,79.39,broken clouds,11.2833,-15.8333,"Casa Dora, Bubaque"
460,Chernyshevskiy,RU,67.42,scattered clouds,63.0128,112.4714,Chernyseyskiy
461,Sur,OM,84.76,broken clouds,22.5667,59.5289,Sur Plaza Hotel
464,Banswara,IN,78.04,overcast clouds,23.55,74.45,Hotel Relax Inn
466,Anito,PH,81.14,overcast clouds,12.4497,125.2886,El Felix Cottages
467,Sabzevar,IR,74.48,clear sky,36.2126,57.6819,پزشکی قانونی سبزوار
468,Ambanja,MG,68.45,scattered clouds,-13.6833,48.45,Hotel Salama and Fast Food
469,Kupang,ID,79.3,broken clouds,-10.1667,123.5833,Hotel On The Rock by Prasanthi
470,Shimoda,JP,90.1,clear sky,34.6667,138.95,Shimoda Tokyu Hotel
471,Andros Town,BS,84.16,few clouds,24.7,-77.7667,Hanks place
472,Tailai,CN,77.79,overcast clouds,46.3833,123.4,Pearl Garden Hotel
474,Colares,PT,78.33,clear sky,38.7992,-9.4469,Arribas Sintra Hotel
475,Awbari,LY,83.73,clear sky,26.5921,12.7805,فندق أوباري
476,Gerash,IR,82.54,overcast clouds,27.6652,54.1371,Sa'adat House Gerash
477,Sambava,MG,68.74,light rain,-14.2667,50.1667,Melrose
480,Mahibadhoo,MV,78.85,overcast clouds,3.7833,72.9667,Omadhoo Inn
483,San Policarpo,PH,81.21,heavy intensity rain,12.1791,125.5072,Agapita M. Nicart
485,Terrace,CA,85.91,broken clouds,54.5163,-128.6035,Northern Motor Inn
486,Agua Dulce,MX,78.58,broken clouds,18.1333,-94.1333,Hotel Victoria
489,Deer Lake,CA,66.06,scattered clouds,49.1667,-57.4316,"Holiday Inn Express Deer Lake, an IHG Hotel"
490,Rabo De Peixe,PT,69.31,few clouds,37.8,-25.5833,Quinta das Giestas
493,Lormi,IN,78.06,overcast clouds,22.2833,81.7333,suresh Kumar Porte
494,Villa Altagracia,DO,78.01,overcast clouds,18.673,-70.171,La Maison de AAVA
496,Aksu,CN,73.92,light rain,41.1231,80.2644,Pudong Holiday Hotel
497,Mehran,IR,93.06,clear sky,33.1222,46.1646,بوتیک زنانه بهار
498,Luanda,AO,68.05,clear sky,-8.8368,13.2343,EPIC SANA Luanda
499,Catuday,PH,80.65,broken clouds,16.2923,119.8062,Benjie's Kubo & Cottages
500,Belmonte,BR,74.82,clear sky,-15.8631,-38.8828,Pousada Monte Carmelo O Pão
502,Liliani,PK,84.15,overcast clouds,32.2065,72.9537,Umer Tea Stall
503,Lompoc,US,88.02,clear sky,34.6391,-120.4579,"Holiday Inn Express Lompoc, an IHG Hotel"
504,The Valley,AI,84.06,scattered clouds,18.217,-63.0578,CeBlue Villas & Beach Resort
506,Salinopolis,BR,78.89,overcast clouds,-0.6136,-47.3561,Salinas Park Resort Maçarico AP101
507,Seoul,KR,83.77,light rain,37.5683,126.9778,LOTTE HOTEL SEOUL
512,Nabire,ID,80.65,overcast clouds,-3.3667,135.4833,Hotel Nusantara I
513,Hilton Head Island,US,87.91,clear sky,32.2163,-80.7526,Disney’s Hilton Head Island Resort
516,Shache,CN,73.71,overcast clouds,38.4167,77.2406,Delong Hotel
517,Kudahuvadhoo,MV,78.67,moderate rain,2.6708,72.8944,Niyama Private Islands Maldives
518,Honggang,CN,77.77,few clouds,46.4667,124.8667,亚布力滑雪旅游度假区
519,Trinidad,BO,71.6,clear sky,-14.8333,-64.9,Hotel Piesta
520,Akyab,MM,83.23,overcast clouds,20.15,92.9,Hotel Memory
521,Gravelbourg,CA,73.67,scattered clouds,49.8834,-106.5512,Historic Bishops Residence Bed & Breakfast
524,Linjiang,CN,76.73,moderate rain,41.8069,126.9078,格林豪泰
525,Puerto Maldonado,PE,72.03,clear sky,-12.6,-69.1833,Wasai Hotel
527,Progreso,MX,76.1,overcast clouds,21.2833,-89.6667,Playa Linda Hotel
528,Invermere,CA,87.03,scattered clouds,50.5167,-116.0354,Copper Point Resort
530,Fecamp,FR,65.91,scattered clouds,49.7579,0.3746,Hôtel d'Angleterre
535,Port Said,EG,79.92,clear sky,31.2565,32.2841,Aracan Hotel
540,Santa Marta,CO,86.05,few clouds,11.2408,-74.199,Hotel La Ballena Azul
542,Tongliao,CN,78.48,clear sky,43.6125,122.2653,Meirujia Hotel
551,Haines Junction,CA,73.35,overcast clouds,60.7522,-137.5108,Parkside Inn
552,Gallup,US,66.04,overcast clouds,35.5281,-108.7426,Quality Inn & Suites Gallup I-40 Exit 20
554,Itacare,BR,73.35,clear sky,-14.2775,-38.9967,Ecoporan Hotel Charme Spa & Eventos
555,Virginia Beach,US,83.01,scattered clouds,36.8529,-75.97800000000001,Hilton Virginia Beach Oceanfront
556,Trincomalee,LK,79.34,overcast clouds,8.5711,81.2335,Welcombe Hotel
557,Bagarji,PK,87.8,haze,27.756,68.7524,Bahadur ramejo residency
558,Shelburne,CA,69.24,clear sky,44.0787,-80.2041,The Retreat at the Farm
559,Shubarkuduk,KZ,68.29,clear sky,49.1447,56.4872,Sirius
561,Wageningen,NL,68.11,overcast clouds,51.9667,5.6667,Fletcher Hotel-Restaurant De Wageningsche Berg
563,Ler,SS,70.2,overcast clouds,8.3018,30.1418,Leer Humanitarian Hub
567,San-Pedro,CI,75.13,broken clouds,4.7485,-6.6363,Hotel Maria
568,Zhucheng,CN,78.96,clear sky,35.9947,119.3975,Fanrong Hotel
569,Karratha,AU,72.5,scattered clouds,-20.7377,116.8463,ibis Styles Karratha
570,Umm Lajj,SA,86.67,broken clouds,25.0213,37.2685,Moon light Furnished Units
571,Kandrian,PG,83.32,broken clouds,-6.2167,149.55,Kandrian Station
574,Ilek,RU,71.58,overcast clouds,51.5271,53.3831,Avtostantsiya
575,San Ramon,US,82.62,clear sky,37.7799,-121.978,San Ramon Marriott
576,Mandali,IQ,91.78,clear sky,33.7499,45.5541,قرئ الشيخ سحاب الندا
577,Ureki,GE,73.36,overcast clouds,41.9956,41.7786,Hotel Ritsa
579,Honiara,SB,87.75,clear sky,-9.4333,159.95,Heritage Park Hotel
580,Delmas,HT,86.72,scattered clouds,18.5447,-72.3028,Idéal Villa Hôtel
584,Kendallville,US,77.5,clear sky,41.4414,-85.265,Best Western Kendallville Inn
586,Abu Kamal,SY,91.87,clear sky,34.4506,40.9171,البوكمال
587,San Patricio,US,92.12,overcast clouds,28.017,-97.5169,"Motel 6 Sinton, TX"
588,Huaihua,CN,77.13,broken clouds,27.5494,109.9592,怀化天庆大酒店
589,Jacaleapa,HN,70.14,broken clouds,14.0167,-86.6667,Ferretería Los Gemelos / Hostal El Jacal
590,Bam,IR,89.64,overcast clouds,29.105999999999998,58.357,Bam Tourist Hotel
591,Weyburn,CA,70.02,light rain,49.6668,-103.8511,Perfect Inns & Suites
592,Zarubino,RU,71.82,light rain,42.63,131.0922,Okean
593,Bairiki,KI,86.0,few clouds,1.3292,172.9752,Tarawa Boutique Hotel
